INSERT INTO PERMISSIONS VALUES(1, 'VIEW_TASKS');
INSERT INTO PERMISSIONS VALUES(2, 'ADD_TASKS');
INSERT INTO PERMISSIONS VALUES(3, 'EDIT_TASKS');
INSERT INTO PERMISSIONS VALUES(4, 'DELETE_TASKS');
INSERT INTO PERMISSIONS VALUES(5, 'VIEW_PROJECTS');
INSERT INTO PERMISSIONS VALUES(6, 'ADD_PROJECTS');
INSERT INTO PERMISSIONS VALUES(7, 'EDIT_PROJECTS');
INSERT INTO PERMISSIONS VALUES(8, 'DELETE_PROJECTS');



SELECT * FROM PERMISSIONS;

INSERT INTO ROLES VALUES(1, 'EMPLOYEE');
INSERT INTO ROLES VALUES(2, 'MANAGER');
INSERT INTO ROLES VALUES(3, 'SUPER_ADMIN');

SELECT * FROM ROLES;
-- employee
DELETE FROM ROLES_PERMISSIONS WHERE role_id=1 AND permission_id=1;
INSERT INTO ROLES_PERMISSIONS (role_id, permission_id) VALUES(1, 1);
DELETE FROM ROLES_PERMISSIONS WHERE role_id=1 AND permission_id=3;
--manager
INSERT INTO ROLES_PERMISSIONS (role_id, permission_id) VALUES(1, 3);
DELETE FROM ROLES_PERMISSIONS WHERE role_id=2 AND permission_id=1;
INSERT INTO ROLES_PERMISSIONS (role_id, permission_id) VALUES(2, 1);
DELETE FROM ROLES_PERMISSIONS WHERE role_id=2 AND permission_id=2;
INSERT INTO ROLES_PERMISSIONS (role_id, permission_id) VALUES(2, 2);
DELETE FROM ROLES_PERMISSIONS WHERE role_id=2 AND permission_id=3;
INSERT INTO ROLES_PERMISSIONS (role_id, permission_id) VALUES(2, 3);
DELETE FROM ROLES_PERMISSIONS WHERE role_id=2 AND permission_id=4;
INSERT INTO ROLES_PERMISSIONS (role_id, permission_id) VALUES(2, 4);
--super admin
--task
DELETE FROM ROLES_PERMISSIONS WHERE role_id=3 AND permission_id=1;
INSERT INTO ROLES_PERMISSIONS (role_id, permission_id) VALUES(3, 1);
DELETE FROM ROLES_PERMISSIONS WHERE role_id=3 AND permission_id=2;
INSERT INTO ROLES_PERMISSIONS (role_id, permission_id) VALUES(3, 2);
DELETE FROM ROLES_PERMISSIONS WHERE role_id=3 AND permission_id=3;
INSERT INTO ROLES_PERMISSIONS (role_id, permission_id) VALUES(3, 3);
DELETE FROM ROLES_PERMISSIONS WHERE role_id=3 AND permission_id=4;
INSERT INTO ROLES_PERMISSIONS (role_id, permission_id) VALUES(3, 4);
--project
DELETE FROM ROLES_PERMISSIONS WHERE role_id=3 AND permission_id=5;
INSERT INTO ROLES_PERMISSIONS (role_id, permission_id) VALUES(3, 5);
DELETE FROM ROLES_PERMISSIONS WHERE role_id=3 AND permission_id=6;
INSERT INTO ROLES_PERMISSIONS (role_id, permission_id) VALUES(3, 6);
DELETE FROM ROLES_PERMISSIONS WHERE role_id=3 AND permission_id=7;
INSERT INTO ROLES_PERMISSIONS (role_id, permission_id) VALUES(3, 7);
DELETE FROM ROLES_PERMISSIONS WHERE role_id=3 AND permission_id=8;
INSERT INTO ROLES_PERMISSIONS (role_id, permission_id) VALUES(3, 8);

SELECT * FROM ROLES_PERMISSIONS;

